"date","trips","n_stations","holiday","month","dayofweek"
"7/1/13",16650,326,FALSE,7,"Mon"
"7/2/13",22745,327,FALSE,7,"Tues"
"7/3/13",21864,326,FALSE,7,"Wed"
"7/4/13",22326,326,TRUE,7,"Thurs"
"7/5/13",21842,325,FALSE,7,"Fri"
"7/6/13",20467,324,FALSE,7,"Sat"
"7/7/13",20477,326,FALSE,7,"Sun"
"7/8/13",21615,326,FALSE,7,"Mon"
"7/9/13",26641,326,FALSE,7,"Tues"
"7/10/13",25732,326,FALSE,7,"Wed"
"7/11/13",24417,325,FALSE,7,"Thurs"
"7/12/13",19006,325,FALSE,7,"Fri"
"7/13/13",26119,326,FALSE,7,"Sat"
"7/14/13",29287,328,FALSE,7,"Sun"
"7/15/13",28069,329,FALSE,7,"Mon"
"7/16/13",29842,329,FALSE,7,"Tues"
"7/17/13",30550,328,FALSE,7,"Wed"
"7/18/13",28869,328,FALSE,7,"Thurs"
"7/19/13",26591,329,FALSE,7,"Fri"
"7/20/13",25278,328,FALSE,7,"Sat"
"7/21/13",30297,329,FALSE,7,"Sun"
"7/22/13",25979,328,FALSE,7,"Mon"
"7/23/13",32376,328,FALSE,7,"Tues"
"7/24/13",35271,329,FALSE,7,"Wed"
"7/25/13",31084,328,FALSE,7,"Thurs"
"7/26/13",34534,329,FALSE,7,"Fri"
"7/27/13",32470,329,FALSE,7,"Sat"
"7/28/13",23508,329,FALSE,7,"Sun"
"7/29/13",34915,329,FALSE,7,"Mon"
"7/30/13",37334,328,FALSE,7,"Tues"
"7/31/13",37261,328,FALSE,7,"Wed"
"8/1/13",20138,328,FALSE,8,"Thurs"
"8/2/13",35792,328,FALSE,8,"Fri"
"8/3/13",29540,328,FALSE,8,"Sat"
"8/4/13",35253,328,FALSE,8,"Sun"
"8/5/13",36776,328,FALSE,8,"Mon"
"8/6/13",37702,328,FALSE,8,"Tues"
"8/7/13",34396,327,FALSE,8,"Wed"
"8/8/13",28366,328,FALSE,8,"Thurs"
"8/9/13",29017,327,FALSE,8,"Fri"
"8/10/13",37201,326,FALSE,8,"Sat"
"8/11/13",33060,327,FALSE,8,"Sun"
"8/12/13",31457,325,FALSE,8,"Mon"
"8/13/13",22437,327,FALSE,8,"Tues"
"8/14/13",38150,328,FALSE,8,"Wed"
"8/15/13",37386,329,FALSE,8,"Thurs"
"8/16/13",35991,329,FALSE,8,"Fri"
"8/17/13",37285,328,FALSE,8,"Sat"
"8/18/13",27612,329,FALSE,8,"Sun"
"8/19/13",33127,329,FALSE,8,"Mon"
"8/20/13",35843,327,FALSE,8,"Tues"
"8/21/13",36315,329,FALSE,8,"Wed"
"8/22/13",26629,329,FALSE,8,"Thurs"
"8/23/13",33503,328,FALSE,8,"Fri"
"8/24/13",32941,327,FALSE,8,"Sat"
"8/25/13",31755,328,FALSE,8,"Sun"
"8/26/13",29979,328,FALSE,8,"Mon"
"8/27/13",34208,329,FALSE,8,"Tues"
"8/28/13",28185,330,FALSE,8,"Wed"
"8/29/13",34215,327,FALSE,8,"Thurs"
"8/30/13",32318,328,FALSE,8,"Fri"
"8/31/13",25381,327,FALSE,8,"Sat"
"9/1/13",25235,327,FALSE,9,"Sun"
"9/2/13",21416,329,TRUE,9,"Mon"
"9/3/13",32411,330,FALSE,9,"Tues"
"9/4/13",36798,330,FALSE,9,"Wed"
"9/5/13",35825,329,FALSE,9,"Thurs"
"9/6/13",35868,330,FALSE,9,"Fri"
"9/7/13",34419,329,FALSE,9,"Sat"
"9/8/13",33196,330,FALSE,9,"Sun"
"9/9/13",35394,330,FALSE,9,"Mon"
"9/10/13",36954,330,FALSE,9,"Tues"
"9/11/13",35812,330,FALSE,9,"Wed"
"9/12/13",31252,330,FALSE,9,"Thurs"
"9/13/13",36501,330,FALSE,9,"Fri"
"9/14/13",31607,327,FALSE,9,"Sat"
"9/15/13",31914,329,FALSE,9,"Sun"
"9/16/13",31287,329,FALSE,9,"Mon"
"9/17/13",38283,329,FALSE,9,"Tues"
"9/18/13",37957,329,FALSE,9,"Wed"
"9/19/13",39200,330,FALSE,9,"Thurs"
"9/20/13",39382,330,FALSE,9,"Fri"
"9/21/13",31826,330,FALSE,9,"Sat"
"9/22/13",29758,329,FALSE,9,"Sun"
"9/23/13",35152,329,FALSE,9,"Mon"
"9/24/13",38417,329,FALSE,9,"Tues"
"9/25/13",38223,329,FALSE,9,"Wed"
"9/26/13",38189,329,FALSE,9,"Thurs"
"9/27/13",37412,329,FALSE,9,"Fri"
"9/28/13",34931,328,FALSE,9,"Sat"
"9/29/13",32592,328,FALSE,9,"Sun"
"9/30/13",37148,329,FALSE,9,"Mon"
"10/1/13",40575,329,FALSE,10,"Tues"
"10/2/13",41383,330,FALSE,10,"Wed"
"10/3/13",40456,330,FALSE,10,"Thurs"
"10/4/13",40195,330,FALSE,10,"Fri"
"10/5/13",34181,330,FALSE,10,"Sat"
"10/6/13",26574,328,FALSE,10,"Sun"
"10/7/13",25016,330,FALSE,10,"Mon"
"10/8/13",38365,329,FALSE,10,"Tues"
"10/9/13",36969,330,FALSE,10,"Wed"
"10/10/13",31171,329,FALSE,10,"Thurs"
"10/11/13",33357,328,FALSE,10,"Fri"
"10/12/13",32457,325,FALSE,10,"Sat"
"10/13/13",28832,328,FALSE,10,"Sun"
"10/14/13",33018,328,FALSE,10,"Mon"
"10/15/13",37534,328,FALSE,10,"Tues"
"10/16/13",36911,326,FALSE,10,"Wed"
"10/17/13",36888,325,FALSE,10,"Thurs"
"10/18/13",38122,325,FALSE,10,"Fri"
"10/19/13",29548,324,FALSE,10,"Sat"
"10/20/13",29256,325,FALSE,10,"Sun"
"10/21/13",35012,325,FALSE,10,"Mon"
"10/22/13",36338,325,FALSE,10,"Tues"
"10/23/13",32365,325,FALSE,10,"Wed"
"10/24/13",32251,325,FALSE,10,"Thurs"
"10/25/13",30979,325,FALSE,10,"Fri"
"10/26/13",24569,325,FALSE,10,"Sat"
"10/27/13",23965,325,FALSE,10,"Sun"
"10/28/13",31498,325,FALSE,10,"Mon"
"10/29/13",33414,325,FALSE,10,"Tues"
"10/30/13",35069,325,FALSE,10,"Wed"
"10/31/13",31444,327,FALSE,10,"Thurs"
"11/1/13",30384,328,FALSE,11,"Fri"
"11/2/13",31013,329,FALSE,11,"Sat"
"11/3/13",20798,329,FALSE,11,"Sun"
"11/4/13",27142,329,FALSE,11,"Mon"
"11/5/13",31493,329,FALSE,11,"Tues"
"11/6/13",34826,329,FALSE,11,"Wed"
"11/7/13",25719,328,FALSE,11,"Thurs"
"11/8/13",28686,328,FALSE,11,"Fri"
"11/9/13",21734,327,FALSE,11,"Sat"
"11/10/13",19712,327,FALSE,11,"Sun"
"11/11/13",27295,327,FALSE,11,"Mon"
"11/12/13",19925,328,FALSE,11,"Tues"
"11/13/13",23633,328,FALSE,11,"Wed"
"11/14/13",27040,329,FALSE,11,"Thurs"
"11/15/13",29051,329,FALSE,11,"Fri"
"11/16/13",25194,328,FALSE,11,"Sat"
"11/17/13",17995,328,FALSE,11,"Sun"
"11/18/13",30615,328,FALSE,11,"Mon"
"11/19/13",27417,328,FALSE,11,"Tues"
"11/20/13",26229,328,FALSE,11,"Wed"
"11/21/13",28752,328,FALSE,11,"Thurs"
"11/22/13",25448,328,FALSE,11,"Fri"
"11/23/13",18996,327,FALSE,11,"Sat"
"11/24/13",9392,326,FALSE,11,"Sun"
"11/25/13",19116,328,FALSE,11,"Mon"
"11/26/13",14999,329,FALSE,11,"Tues"
"11/27/13",7976,329,FALSE,11,"Wed"
"11/28/13",5204,324,TRUE,11,"Thurs"
"11/29/13",10127,328,TRUE,11,"Fri"
"11/30/13",9863,328,FALSE,11,"Sat"
"12/1/13",13326,329,FALSE,12,"Sun"
"12/2/13",24576,329,FALSE,12,"Mon"
"12/3/13",27431,329,FALSE,12,"Tues"
"12/4/13",28199,329,FALSE,12,"Wed"
"12/5/13",26988,329,FALSE,12,"Thurs"
"12/6/13",10736,328,FALSE,12,"Fri"
"12/7/13",15545,328,FALSE,12,"Sat"
"12/8/13",10090,328,FALSE,12,"Sun"
"12/9/13",14824,329,FALSE,12,"Mon"
"12/10/13",12850,329,FALSE,12,"Tues"
"12/11/13",18766,329,FALSE,12,"Wed"
"12/12/13",17214,329,FALSE,12,"Thurs"
"12/13/13",17888,328,FALSE,12,"Fri"
"12/14/13",3701,323,FALSE,12,"Sat"
"12/15/13",7462,328,FALSE,12,"Sun"
"12/16/13",15562,329,FALSE,12,"Mon"
"12/17/13",7863,327,FALSE,12,"Tues"
"12/18/13",14924,328,FALSE,12,"Wed"
"12/19/13",18766,328,FALSE,12,"Thurs"
"12/20/13",22066,328,FALSE,12,"Fri"
"12/21/13",17940,327,FALSE,12,"Sat"
"12/22/13",15063,328,FALSE,12,"Sun"
"12/23/13",6956,328,FALSE,12,"Mon"
"12/24/13",11025,327,TRUE,12,"Tues"
"12/25/13",3260,323,TRUE,12,"Wed"
"12/26/13",9763,327,FALSE,12,"Thurs"
"12/27/13",11720,326,FALSE,12,"Fri"
"12/28/13",12022,327,FALSE,12,"Sat"
"12/29/13",3775,323,FALSE,12,"Sun"
"12/30/13",13241,325,FALSE,12,"Mon"
"12/31/13",10424,321,FALSE,12,"Tues"
"1/1/14",6059,323,TRUE,1,"Wed"
"1/2/14",8600,325,FALSE,1,"Thurs"
"1/3/14",1144,313,FALSE,1,"Fri"
"1/4/14",2292,315,FALSE,1,"Sat"
"1/5/14",2678,318,FALSE,1,"Sun"
"1/6/14",9510,324,FALSE,1,"Mon"
"1/7/14",6267,323,FALSE,1,"Tues"
"1/8/14",9246,324,FALSE,1,"Wed"
"1/9/14",13354,325,FALSE,1,"Thurs"
"1/10/14",9847,327,FALSE,1,"Fri"
"1/11/14",7695,326,FALSE,1,"Sat"
"1/12/14",12515,326,FALSE,1,"Sun"
"1/13/14",20633,327,FALSE,1,"Mon"
"1/14/14",9999,327,FALSE,1,"Tues"
"1/15/14",21630,327,FALSE,1,"Wed"
"1/16/14",19953,329,FALSE,1,"Thurs"
"1/17/14",20301,329,FALSE,1,"Fri"
"1/18/14",9438,328,FALSE,1,"Sat"
"1/19/14",9028,327,FALSE,1,"Sun"
"1/20/14",13407,328,TRUE,1,"Mon"
"1/21/14",3804,323,FALSE,1,"Tues"
"1/22/14",2451,314,FALSE,1,"Wed"
"1/23/14",5071,318,FALSE,1,"Thurs"
"1/24/14",6176,319,FALSE,1,"Fri"
"1/25/14",4338,316,FALSE,1,"Sat"
"1/26/14",4980,322,FALSE,1,"Sun"
"1/27/14",13119,325,FALSE,1,"Mon"
"1/28/14",10033,324,FALSE,1,"Tues"
"1/29/14",10021,323,FALSE,1,"Wed"
"1/30/14",12158,324,FALSE,1,"Thurs"
"1/31/14",14653,326,FALSE,1,"Fri"
"2/1/14",12771,323,FALSE,2,"Sat"
"2/2/14",13816,325,FALSE,2,"Sun"
"2/3/14",2600,312,FALSE,2,"Mon"
"2/4/14",8709,324,FALSE,2,"Tues"
"2/5/14",2746,317,FALSE,2,"Wed"
"2/6/14",7196,322,FALSE,2,"Thurs"
"2/7/14",8495,322,FALSE,2,"Fri"
"2/8/14",5986,320,FALSE,2,"Sat"
"2/9/14",4996,320,FALSE,2,"Sun"
"2/10/14",6846,323,FALSE,2,"Mon"
"2/11/14",8343,321,FALSE,2,"Tues"
"2/12/14",8580,322,FALSE,2,"Wed"
"2/13/14",876,292,FALSE,2,"Thurs"
"2/14/14",3609,314,FALSE,2,"Fri"
"2/15/14",2261,307,FALSE,2,"Sat"
"2/16/14",3003,315,FALSE,2,"Sun"
"2/17/14",4854,321,TRUE,2,"Mon"
"2/18/14",5140,319,FALSE,2,"Tues"
"2/19/14",8506,324,FALSE,2,"Wed"
"2/20/14",11792,324,FALSE,2,"Thurs"
"2/21/14",8680,326,FALSE,2,"Fri"
"2/22/14",13044,327,FALSE,2,"Sat"
"2/23/14",13324,327,FALSE,2,"Sun"
"2/24/14",12922,328,FALSE,2,"Mon"
"2/25/14",12830,328,FALSE,2,"Tues"
"2/26/14",11188,328,FALSE,2,"Wed"
"2/27/14",12036,326,FALSE,2,"Thurs"
"2/28/14",9587,329,FALSE,2,"Fri"
"3/1/14",9202,328,FALSE,3,"Sat"
"3/2/14",8195,330,FALSE,3,"Sun"
"3/3/14",7708,329,FALSE,3,"Mon"
"3/4/14",10398,331,FALSE,3,"Tues"
"3/5/14",13801,331,FALSE,3,"Wed"
"3/6/14",12773,331,FALSE,3,"Thurs"
"3/7/14",13304,331,FALSE,3,"Fri"
"3/8/14",16350,331,FALSE,3,"Sat"
"3/9/14",12262,330,FALSE,3,"Sun"
"3/10/14",17231,331,FALSE,3,"Mon"
"3/11/14",24356,331,FALSE,3,"Tues"
"3/12/14",15101,331,FALSE,3,"Wed"
"3/13/14",10979,331,FALSE,3,"Thurs"
"3/14/14",16299,331,FALSE,3,"Fri"
"3/15/14",18053,331,FALSE,3,"Sat"
"3/16/14",9851,331,FALSE,3,"Sun"
"3/17/14",12503,331,FALSE,3,"Mon"
"3/18/14",16679,331,FALSE,3,"Tues"
"3/19/14",13341,331,FALSE,3,"Wed"
"3/20/14",19695,331,FALSE,3,"Thurs"
"3/21/14",20718,332,FALSE,3,"Fri"
"3/22/14",19880,331,FALSE,3,"Sat"
"3/23/14",11740,331,FALSE,3,"Sun"
"3/24/14",13598,332,FALSE,3,"Mon"
"3/25/14",16037,332,FALSE,3,"Tues"
"3/26/14",14500,332,FALSE,3,"Wed"
"3/27/14",16666,332,FALSE,3,"Thurs"
"3/28/14",18425,332,FALSE,3,"Fri"
"3/29/14",4480,328,FALSE,3,"Sat"
"3/30/14",7907,330,FALSE,3,"Sun"
"3/31/14",17085,331,FALSE,3,"Mon"
"4/1/14",23908,329,FALSE,4,"Tues"
"4/2/14",22515,328,FALSE,4,"Wed"
"4/3/14",26321,327,FALSE,4,"Thurs"
"4/4/14",12566,326,FALSE,4,"Fri"
"4/5/14",18655,325,FALSE,4,"Sat"
"4/6/14",20750,326,FALSE,4,"Sun"
"4/7/14",14677,326,FALSE,4,"Mon"
"4/8/14",21884,327,FALSE,4,"Tues"
"4/9/14",26931,327,FALSE,4,"Wed"
"4/10/14",27463,326,FALSE,4,"Thurs"
"4/11/14",26798,326,FALSE,4,"Fri"
"4/12/14",27108,328,FALSE,4,"Sat"
"4/13/14",26871,328,FALSE,4,"Sun"
"4/14/14",28832,328,FALSE,4,"Mon"
"4/15/14",10523,326,FALSE,4,"Tues"
"4/16/14",20082,326,FALSE,4,"Wed"
"4/17/14",22282,326,FALSE,4,"Thurs"
"4/18/14",20770,326,FALSE,4,"Fri"
"4/19/14",24369,327,FALSE,4,"Sat"
"4/20/14",18464,326,FALSE,4,"Sun"
"4/21/14",27124,327,FALSE,4,"Mon"
"4/22/14",27259,327,FALSE,4,"Tues"
"4/23/14",26949,327,FALSE,4,"Wed"
"4/24/14",28107,326,FALSE,4,"Thurs"
"4/25/14",27919,327,FALSE,4,"Fri"
"4/26/14",19899,327,FALSE,4,"Sat"
"4/27/14",21926,326,FALSE,4,"Sun"
"4/28/14",28557,326,FALSE,4,"Mon"
"4/29/14",18404,326,FALSE,4,"Tues"
"4/30/14",2867,318,FALSE,4,"Wed"
"5/1/14",26762,327,FALSE,5,"Thurs"
"5/2/14",32377,324,FALSE,5,"Fri"
"5/3/14",25501,324,FALSE,5,"Sat"
"5/4/14",21277,323,FALSE,5,"Sun"
"5/5/14",30288,324,FALSE,5,"Mon"
"5/6/14",32233,325,FALSE,5,"Tues"
"5/7/14",32882,325,FALSE,5,"Wed"
"5/8/14",17619,325,FALSE,5,"Thurs"
"5/9/14",22641,325,FALSE,5,"Fri"
"5/10/14",21832,324,FALSE,5,"Sat"
"5/11/14",28326,323,FALSE,5,"Sun"
"5/12/14",31644,325,FALSE,5,"Mon"
"5/13/14",32847,324,FALSE,5,"Tues"
"5/14/14",30044,324,FALSE,5,"Wed"
"5/15/14",26057,323,FALSE,5,"Thurs"
"5/16/14",17784,322,FALSE,5,"Fri"
"5/17/14",29912,321,FALSE,5,"Sat"
"5/18/14",27436,321,FALSE,5,"Sun"
"5/19/14",31692,322,FALSE,5,"Mon"
"5/20/14",35567,323,FALSE,5,"Tues"
"5/21/14",34420,324,FALSE,5,"Wed"
"5/22/14",24535,324,FALSE,5,"Thurs"
"5/23/14",24484,324,FALSE,5,"Fri"
"5/24/14",16798,322,FALSE,5,"Sat"
"5/25/14",25637,323,FALSE,5,"Sun"
"5/26/14",26930,323,TRUE,5,"Mon"
"5/27/14",32936,323,FALSE,5,"Tues"
"5/28/14",29690,322,FALSE,5,"Wed"
"5/29/14",33889,323,FALSE,5,"Thurs"
"5/30/14",34343,325,FALSE,5,"Fri"
"5/31/14",27734,324,FALSE,5,"Sat"
"6/1/14",31333,325,FALSE,6,"Sun"
"6/2/14",34519,325,FALSE,6,"Mon"
"6/3/14",29501,323,FALSE,6,"Tues"
"6/4/14",36068,325,FALSE,6,"Wed"
"6/5/14",24619,325,FALSE,6,"Thurs"
"6/6/14",37719,324,FALSE,6,"Fri"
"6/7/14",31204,324,FALSE,6,"Sat"
"6/8/14",30162,323,FALSE,6,"Sun"
"6/9/14",18611,323,FALSE,6,"Mon"
"6/10/14",33435,324,FALSE,6,"Tues"
"6/11/14",30548,325,FALSE,6,"Wed"
"6/12/14",29084,325,FALSE,6,"Thurs"
"6/13/14",18308,325,FALSE,6,"Fri"
"6/14/14",28417,325,FALSE,6,"Sat"
"6/15/14",28382,325,FALSE,6,"Sun"
"6/16/14",34932,325,FALSE,6,"Mon"
"6/17/14",35097,326,FALSE,6,"Tues"
"6/18/14",35531,326,FALSE,6,"Wed"
"6/19/14",31724,326,FALSE,6,"Thurs"
"6/20/14",34405,327,FALSE,6,"Fri"
"6/21/14",30288,327,FALSE,6,"Sat"
"6/22/14",29417,326,FALSE,6,"Sun"
"6/23/14",32580,326,FALSE,6,"Mon"
"6/24/14",35897,327,FALSE,6,"Tues"
"6/25/14",34340,327,FALSE,6,"Wed"
"6/26/14",34846,327,FALSE,6,"Thurs"
"6/27/14",35823,327,FALSE,6,"Fri"
"6/28/14",28507,327,FALSE,6,"Sat"
"6/29/14",27986,325,FALSE,6,"Sun"
"6/30/14",33597,327,FALSE,6,"Mon"
"7/1/14",34854,327,FALSE,7,"Tues"
"7/2/14",26582,327,FALSE,7,"Wed"
"7/3/14",27587,326,FALSE,7,"Thurs"
"7/4/14",13612,324,TRUE,7,"Fri"
"7/5/14",22913,325,FALSE,7,"Sat"
"7/6/14",23822,323,FALSE,7,"Sun"
"7/7/14",31863,324,FALSE,7,"Mon"
"7/8/14",32713,325,FALSE,7,"Tues"
"7/9/14",34426,324,FALSE,7,"Wed"
"7/10/14",36288,325,FALSE,7,"Thurs"
"7/11/14",35000,324,FALSE,7,"Fri"
"7/12/14",28718,325,FALSE,7,"Sat"
"7/13/14",24869,324,FALSE,7,"Sun"
"7/14/14",25825,325,FALSE,7,"Mon"
"7/15/14",22963,325,FALSE,7,"Tues"
"7/16/14",35391,325,FALSE,7,"Wed"
"7/17/14",38619,326,FALSE,7,"Thurs"
"7/18/14",36105,326,FALSE,7,"Fri"
"7/19/14",29291,325,FALSE,7,"Sat"
"7/20/14",30296,324,FALSE,7,"Sun"
"7/21/14",35670,325,FALSE,7,"Mon"
"7/22/14",36886,323,FALSE,7,"Tues"
"7/23/14",34173,323,FALSE,7,"Wed"
"7/24/14",36693,323,FALSE,7,"Thurs"
"7/25/14",36384,323,FALSE,7,"Fri"
"7/26/14",27179,323,FALSE,7,"Sat"
"7/27/14",27004,322,FALSE,7,"Sun"
"7/28/14",33189,323,FALSE,7,"Mon"
"7/29/14",37092,323,FALSE,7,"Tues"
"7/30/14",37377,323,FALSE,7,"Wed"
"7/31/14",35458,323,FALSE,7,"Thurs"
"8/1/14",32654,323,FALSE,8,"Fri"
"8/2/14",26784,322,FALSE,8,"Sat"
"8/3/14",25276,322,FALSE,8,"Sun"
"8/4/14",33822,323,FALSE,8,"Mon"
"8/5/14",34392,323,FALSE,8,"Tues"
"8/6/14",36336,323,FALSE,8,"Wed"
"8/7/14",36362,324,FALSE,8,"Thurs"
"8/8/14",34073,323,FALSE,8,"Fri"
"8/9/14",31636,323,FALSE,8,"Sat"
"8/10/14",26749,322,FALSE,8,"Sun"
"8/11/14",33664,324,FALSE,8,"Mon"
"8/12/14",26261,324,FALSE,8,"Tues"
"8/13/14",27977,324,FALSE,8,"Wed"
"8/14/14",35154,323,FALSE,8,"Thurs"
"8/15/14",32480,324,FALSE,8,"Fri"
"8/16/14",32017,323,FALSE,8,"Sat"
"8/17/14",27417,323,FALSE,8,"Sun"
"8/18/14",34339,323,FALSE,8,"Mon"
"8/19/14",35367,323,FALSE,8,"Tues"
"8/20/14",35532,322,FALSE,8,"Wed"
"8/21/14",33804,323,FALSE,8,"Thurs"
"8/22/14",30406,323,FALSE,8,"Fri"
"8/23/14",26429,323,FALSE,8,"Sat"
"8/24/14",27493,321,FALSE,8,"Sun"
"8/25/14",32892,324,FALSE,8,"Mon"
"8/26/14",34519,324,FALSE,8,"Tues"
"8/27/14",33721,324,FALSE,8,"Wed"
"8/28/14",33927,323,FALSE,8,"Thurs"
"8/29/14",31264,325,FALSE,8,"Fri"
"8/30/14",22689,325,FALSE,8,"Sat"
"8/31/14",18053,323,FALSE,8,"Sun"
"9/1/14",23575,324,TRUE,9,"Mon"
"9/2/14",30507,325,FALSE,9,"Tues"
"9/3/14",35535,325,FALSE,9,"Wed"
"9/4/14",36496,325,FALSE,9,"Thurs"
"9/5/14",34831,325,FALSE,9,"Fri"
"9/6/14",25833,324,FALSE,9,"Sat"
"9/7/14",29721,324,FALSE,9,"Sun"
"9/8/14",34335,325,FALSE,9,"Mon"
"9/9/14",34518,325,FALSE,9,"Tues"
"9/10/14",37653,325,FALSE,9,"Wed"
"9/11/14",37081,325,FALSE,9,"Thurs"
"9/12/14",37204,325,FALSE,9,"Fri"
"9/13/14",17293,323,FALSE,9,"Sat"
"9/14/14",28688,323,FALSE,9,"Sun"
"9/15/14",35045,326,FALSE,9,"Mon"
"9/16/14",25633,326,FALSE,9,"Tues"
"9/17/14",37453,327,FALSE,9,"Wed"
"9/18/14",37381,327,FALSE,9,"Thurs"
"9/19/14",34713,326,FALSE,9,"Fri"
"9/20/14",30011,325,FALSE,9,"Sat"
"9/21/14",26080,324,FALSE,9,"Sun"
"9/22/14",33239,323,FALSE,9,"Mon"
"9/23/14",36347,325,FALSE,9,"Tues"
"9/24/14",35481,325,FALSE,9,"Wed"
"9/25/14",16650,325,FALSE,9,"Thurs"
"9/26/14",35116,326,FALSE,9,"Fri"
"9/27/14",30193,326,FALSE,9,"Sat"
"9/28/14",29021,325,FALSE,9,"Sun"
"9/29/14",33161,326,FALSE,9,"Mon"
"9/30/14",35093,326,FALSE,9,"Tues"
"10/1/14",27942,326,FALSE,10,"Wed"
"10/2/14",34492,326,FALSE,10,"Thurs"
"10/3/14",34944,326,FALSE,10,"Fri"
"10/4/14",13354,325,FALSE,10,"Sat"
"10/5/14",23456,324,FALSE,10,"Sun"
"10/6/14",31742,325,FALSE,10,"Mon"
"10/7/14",32892,325,FALSE,10,"Tues"
"10/8/14",33607,327,FALSE,10,"Wed"
"10/9/14",32203,327,FALSE,10,"Thurs"
"10/10/14",30887,326,FALSE,10,"Fri"
"10/11/14",12965,325,FALSE,10,"Sat"
"10/12/14",23394,323,FALSE,10,"Sun"
"10/13/14",22752,325,FALSE,10,"Mon"
"10/14/14",32614,326,FALSE,10,"Tues"
"10/15/14",28743,326,FALSE,10,"Wed"
"10/16/14",26754,326,FALSE,10,"Thurs"
"10/17/14",34132,326,FALSE,10,"Fri"
"10/18/14",24978,324,FALSE,10,"Sat"
"10/19/14",18840,325,FALSE,10,"Sun"
"10/20/14",27914,326,FALSE,10,"Mon"
"10/21/14",31330,326,FALSE,10,"Tues"
"10/22/14",9169,326,FALSE,10,"Wed"
"10/23/14",13371,323,FALSE,10,"Thurs"
"10/24/14",29837,326,FALSE,10,"Fri"
"10/25/14",24952,326,FALSE,10,"Sat"
"10/26/14",20768,324,FALSE,10,"Sun"
"10/27/14",28806,322,FALSE,10,"Mon"
"10/28/14",32956,324,FALSE,10,"Tues"
"10/29/14",29999,324,FALSE,10,"Wed"
"10/30/14",31133,324,FALSE,10,"Thurs"
"10/31/14",27785,324,FALSE,10,"Fri"
"11/1/14",6002,321,FALSE,11,"Sat"
"11/2/14",14100,324,FALSE,11,"Sun"
"11/3/14",26757,324,FALSE,11,"Mon"
"11/4/14",31174,326,FALSE,11,"Tues"
"11/5/14",30539,326,FALSE,11,"Wed"
"11/6/14",12283,325,FALSE,11,"Thurs"
"11/7/14",25355,325,FALSE,11,"Fri"
"11/8/14",17443,324,FALSE,11,"Sat"
"11/9/14",18207,324,FALSE,11,"Sun"
"11/10/14",27655,326,FALSE,11,"Mon"
"11/11/14",29358,327,FALSE,11,"Tues"
"11/12/14",27807,328,FALSE,11,"Wed"
"11/13/14",20652,326,FALSE,11,"Thurs"
"11/14/14",21082,326,FALSE,11,"Fri"
"11/15/14",14057,326,FALSE,11,"Sat"
"11/16/14",13272,328,FALSE,11,"Sun"
"11/17/14",8116,328,FALSE,11,"Mon"
"11/18/14",16691,327,FALSE,11,"Tues"
"11/19/14",16694,327,FALSE,11,"Wed"
"11/20/14",20611,327,FALSE,11,"Thurs"
"11/21/14",17806,327,FALSE,11,"Fri"
"11/22/14",12682,325,FALSE,11,"Sat"
"11/23/14",15669,326,FALSE,11,"Sun"
"11/24/14",23031,326,FALSE,11,"Mon"
"11/25/14",25580,325,FALSE,11,"Tues"
"11/26/14",3675,324,FALSE,11,"Wed"
"11/27/14",3945,313,TRUE,11,"Thurs"
"11/28/14",8378,322,TRUE,11,"Fri"
"11/29/14",8183,322,FALSE,11,"Sat"
"11/30/14",12384,323,FALSE,11,"Sun"
"12/1/14",18519,322,FALSE,12,"Mon"
"12/2/14",15367,324,FALSE,12,"Tues"
"12/3/14",13472,323,FALSE,12,"Wed"
"12/4/14",21335,326,FALSE,12,"Thurs"
"12/5/14",15818,325,FALSE,12,"Fri"
"12/6/14",4047,322,FALSE,12,"Sat"
"12/7/14",10510,324,FALSE,12,"Sun"
"12/8/14",15557,326,FALSE,12,"Mon"
"12/9/14",6713,325,FALSE,12,"Tues"
"12/10/14",10399,325,FALSE,12,"Wed"
"12/11/14",18141,326,FALSE,12,"Thurs"
"12/12/14",17892,326,FALSE,12,"Fri"
"12/13/14",12549,324,FALSE,12,"Sat"
"12/14/14",11941,322,FALSE,12,"Sun"
"12/15/14",19382,325,FALSE,12,"Mon"
"12/16/14",16816,325,FALSE,12,"Tues"
"12/17/14",20346,327,FALSE,12,"Wed"
"12/18/14",19051,329,FALSE,12,"Thurs"
"12/19/14",17200,329,FALSE,12,"Fri"
"12/20/14",9582,328,FALSE,12,"Sat"
"12/21/14",8747,327,FALSE,12,"Sun"
"12/22/14",13560,330,FALSE,12,"Mon"
"12/23/14",9422,330,FALSE,12,"Tues"
"12/24/14",4285,322,TRUE,12,"Wed"
"12/25/14",4890,323,TRUE,12,"Thurs"
"12/26/14",9895,330,FALSE,12,"Fri"
"12/27/14",10247,329,FALSE,12,"Sat"
"12/28/14",7902,328,FALSE,12,"Sun"
"12/29/14",13549,330,FALSE,12,"Mon"
"12/30/14",12196,328,FALSE,12,"Tues"
"12/31/14",9739,318,FALSE,12,"Wed"
"1/1/15",5317,327,TRUE,1,"Thurs"
"1/2/15",11304,328,FALSE,1,"Fri"
"1/3/15",4478,327,FALSE,1,"Sat"
"1/4/15",7849,329,FALSE,1,"Sun"
"1/5/15",14506,330,FALSE,1,"Mon"
"1/6/15",8739,330,FALSE,1,"Tues"
"1/7/15",9646,330,FALSE,1,"Wed"
"1/8/15",8779,330,FALSE,1,"Thurs"
"1/9/15",7930,327,FALSE,1,"Fri"
"1/10/15",6109,328,FALSE,1,"Sat"
"1/11/15",7467,328,FALSE,1,"Sun"
"1/12/15",8645,329,FALSE,1,"Mon"
"1/13/15",12797,330,FALSE,1,"Tues"
"1/14/15",13086,330,FALSE,1,"Wed"
"1/15/15",14075,329,FALSE,1,"Thurs"
"1/16/15",13843,330,FALSE,1,"Fri"
"1/17/15",7491,328,FALSE,1,"Sat"
"1/18/15",1795,317,FALSE,1,"Sun"
"1/19/15",10710,327,TRUE,1,"Mon"
"1/20/15",16129,330,FALSE,1,"Tues"
"1/21/15",15234,330,FALSE,1,"Wed"
"1/22/15",15864,330,FALSE,1,"Thurs"
"1/23/15",15737,329,FALSE,1,"Fri"
"1/24/15",4814,324,FALSE,1,"Sat"
"1/25/15",9379,326,FALSE,1,"Sun"
"1/26/15",4141,324,FALSE,1,"Mon"
"1/27/15",1214,298,FALSE,1,"Tues"
"1/28/15",5401,322,FALSE,1,"Wed"
"1/29/15",8870,326,FALSE,1,"Thurs"
"1/30/15",9015,325,FALSE,1,"Fri"
"1/31/15",5188,320,FALSE,1,"Sat"
"2/1/15",6441,323,FALSE,2,"Sun"
"2/2/15",1459,303,FALSE,2,"Mon"
"2/3/15",4754,325,FALSE,2,"Tues"
"2/4/15",8973,326,FALSE,2,"Wed"
"2/5/15",9208,327,FALSE,2,"Thurs"
"2/6/15",8575,327,FALSE,2,"Fri"
"2/7/15",6790,325,FALSE,2,"Sat"
"2/8/15",6662,324,FALSE,2,"Sun"
"2/9/15",5160,320,FALSE,2,"Mon"
"2/10/15",10328,326,FALSE,2,"Tues"
"2/11/15",11439,325,FALSE,2,"Wed"
"2/12/15",11269,325,FALSE,2,"Thurs"
"2/13/15",7642,323,FALSE,2,"Fri"
"2/14/15",4614,321,FALSE,2,"Sat"
"2/15/15",2581,320,FALSE,2,"Sun"
"2/16/15",3998,320,TRUE,2,"Mon"
"2/17/15",4784,322,FALSE,2,"Tues"
"2/18/15",9170,326,FALSE,2,"Wed"
"2/19/15",7799,325,FALSE,2,"Thurs"
"2/20/15",6159,323,FALSE,2,"Fri"
"2/21/15",3157,320,FALSE,2,"Sat"
"2/22/15",4274,325,FALSE,2,"Sun"
"2/23/15",7458,325,FALSE,2,"Mon"
"2/24/15",7402,327,FALSE,2,"Tues"
"2/25/15",10751,328,FALSE,2,"Wed"
"2/26/15",9901,326,FALSE,2,"Thurs"
"2/27/15",9864,325,FALSE,2,"Fri"
"2/28/15",6318,324,FALSE,2,"Sat"
"3/1/15",2879,319,FALSE,3,"Sun"
"3/2/15",7283,326,FALSE,3,"Mon"
"3/3/15",6533,326,FALSE,3,"Tues"
"3/4/15",7514,325,FALSE,3,"Wed"
"3/5/15",1637,311,FALSE,3,"Thurs"
"3/6/15",5162,326,FALSE,3,"Fri"
"3/7/15",5590,319,FALSE,3,"Sat"
"3/8/15",7898,324,FALSE,3,"Sun"
"3/9/15",14878,325,FALSE,3,"Mon"
"3/10/15",11781,324,FALSE,3,"Tues"
"3/11/15",19561,325,FALSE,3,"Wed"
"3/12/15",17530,325,FALSE,3,"Thurs"
"3/13/15",16145,325,FALSE,3,"Fri"
"3/14/15",3906,320,FALSE,3,"Sat"
"3/15/15",8838,322,FALSE,3,"Sun"
"3/16/15",16787,325,FALSE,3,"Mon"
"3/17/15",14857,323,FALSE,3,"Tues"
"3/18/15",13842,325,FALSE,3,"Wed"
"3/19/15",15446,325,FALSE,3,"Thurs"
"3/20/15",8052,324,FALSE,3,"Fri"
"3/21/15",9338,322,FALSE,3,"Sat"
"3/22/15",9676,323,FALSE,3,"Sun"
"3/23/15",13538,325,FALSE,3,"Mon"
"3/24/15",16166,325,FALSE,3,"Tues"
"3/25/15",14670,325,FALSE,3,"Wed"
"3/26/15",14954,325,FALSE,3,"Thurs"
"3/27/15",14107,326,FALSE,3,"Fri"
"3/28/15",1107,292,FALSE,3,"Sat"
"3/29/15",9826,324,FALSE,3,"Sun"
"3/30/15",18075,325,FALSE,3,"Mon"
"3/31/15",14250,325,FALSE,3,"Tues"
"4/1/15",20146,325,FALSE,4,"Wed"
"4/2/15",24227,325,FALSE,4,"Thurs"
"4/3/15",14774,323,FALSE,4,"Fri"
"4/4/15",14355,321,FALSE,4,"Sat"
"4/5/15",13799,322,FALSE,4,"Sun"
"4/6/15",23391,322,FALSE,4,"Mon"
"4/7/15",16262,322,FALSE,4,"Tues"
"4/8/15",17872,323,FALSE,4,"Wed"
"4/9/15",16546,323,FALSE,4,"Thurs"
"4/10/15",16317,321,FALSE,4,"Fri"
"4/11/15",18643,319,FALSE,4,"Sat"
"4/12/15",19954,318,FALSE,4,"Sun"
"4/13/15",24925,320,FALSE,4,"Mon"
"4/14/15",22703,322,FALSE,4,"Tues"
"4/15/15",27594,322,FALSE,4,"Wed"
"4/16/15",27180,322,FALSE,4,"Thurs"
"4/17/15",24175,321,FALSE,4,"Fri"
"4/18/15",28174,319,FALSE,4,"Sat"
"4/19/15",21475,319,FALSE,4,"Sun"
"4/20/15",11202,319,FALSE,4,"Mon"
"4/21/15",24868,319,FALSE,4,"Tues"
"4/22/15",21997,320,FALSE,4,"Wed"
"4/23/15",22074,317,FALSE,4,"Thurs"
"4/24/15",20981,319,FALSE,4,"Fri"
"4/25/15",21082,318,FALSE,4,"Sat"
"4/26/15",21594,317,FALSE,4,"Sun"
"4/27/15",25501,318,FALSE,4,"Mon"
"4/28/15",29795,318,FALSE,4,"Tues"
"4/29/15",31532,319,FALSE,4,"Wed"
"4/30/15",29252,320,FALSE,4,"Thurs"
"5/1/15",27924,319,FALSE,5,"Fri"
"5/2/15",25743,317,FALSE,5,"Sat"
"5/3/15",27694,317,FALSE,5,"Sun"
"5/4/15",32066,320,FALSE,5,"Mon"
"5/5/15",33012,321,FALSE,5,"Tues"
"5/6/15",30313,320,FALSE,5,"Wed"
"5/7/15",34871,321,FALSE,5,"Thurs"
"5/8/15",34304,321,FALSE,5,"Fri"
"5/9/15",24329,320,FALSE,5,"Sat"
"5/10/15",26573,320,FALSE,5,"Sun"
"5/11/15",32382,321,FALSE,5,"Mon"
"5/12/15",35225,321,FALSE,5,"Tues"
"5/13/15",33402,322,FALSE,5,"Wed"
"5/14/15",40826,321,FALSE,5,"Thurs"
"5/15/15",34945,319,FALSE,5,"Fri"
"5/16/15",23882,320,FALSE,5,"Sat"
"5/17/15",30969,319,FALSE,5,"Sun"
"5/18/15",31559,320,FALSE,5,"Mon"
"5/19/15",33895,320,FALSE,5,"Tues"
"5/20/15",33823,321,FALSE,5,"Wed"
"5/21/15",31214,321,FALSE,5,"Thurs"
"5/22/15",31891,319,FALSE,5,"Fri"
"5/23/15",23910,319,FALSE,5,"Sat"
"5/24/15",25151,318,FALSE,5,"Sun"
"5/25/15",28164,318,TRUE,5,"Mon"
"5/26/15",35786,319,FALSE,5,"Tues"
"5/27/15",33710,319,FALSE,5,"Wed"
"5/28/15",35934,320,FALSE,5,"Thurs"
"5/29/15",37756,319,FALSE,5,"Fri"
"5/30/15",31147,318,FALSE,5,"Sat"
"5/31/15",19586,317,FALSE,5,"Sun"
"6/1/15",15283,319,FALSE,6,"Mon"
"6/2/15",11984,319,FALSE,6,"Tues"
"6/3/15",34590,319,FALSE,6,"Wed"
"6/4/15",32772,319,FALSE,6,"Thurs"
"6/5/15",31294,319,FALSE,6,"Fri"
"6/6/15",26334,319,FALSE,6,"Sat"
"6/7/15",30773,318,FALSE,6,"Sun"
"6/8/15",33585,319,FALSE,6,"Mon"
"6/9/15",35412,320,FALSE,6,"Tues"
"6/10/15",39350,320,FALSE,6,"Wed"
"6/11/15",37400,320,FALSE,6,"Thurs"
"6/12/15",35136,322,FALSE,6,"Fri"
"6/13/15",29980,322,FALSE,6,"Sat"
"6/14/15",28184,320,FALSE,6,"Sun"
"6/15/15",25087,322,FALSE,6,"Mon"
"6/16/15",32147,323,FALSE,6,"Tues"
"6/17/15",38030,323,FALSE,6,"Wed"
"6/18/15",35464,324,FALSE,6,"Thurs"
"6/19/15",37380,324,FALSE,6,"Fri"
"6/20/15",23580,323,FALSE,6,"Sat"
"6/21/15",25926,323,FALSE,6,"Sun"
"6/22/15",37677,324,FALSE,6,"Mon"
"6/23/15",32294,324,FALSE,6,"Tues"
"6/24/15",41070,324,FALSE,6,"Wed"
"6/25/15",39673,324,FALSE,6,"Thurs"
"6/26/15",38614,324,FALSE,6,"Fri"
"6/27/15",15485,323,FALSE,6,"Sat"
"6/28/15",20591,318,FALSE,6,"Sun"
"6/29/15",38037,324,FALSE,6,"Mon"
"6/30/15",38087,326,FALSE,6,"Tues"
"7/1/15",37539,326,FALSE,7,"Wed"
"7/2/15",35559,325,FALSE,7,"Thurs"
"7/3/15",26928,325,TRUE,7,"Fri"
"7/4/15",21706,324,FALSE,7,"Sat"
"7/5/15",25920,324,FALSE,7,"Sun"
"7/6/15",35251,325,FALSE,7,"Mon"
"7/7/15",36837,325,FALSE,7,"Tues"
"7/8/15",35047,326,FALSE,7,"Wed"
"7/9/15",31978,327,FALSE,7,"Thurs"
"7/10/15",38559,327,FALSE,7,"Fri"
"7/11/15",31719,326,FALSE,7,"Sat"
"7/12/15",31037,324,FALSE,7,"Sun"
"7/13/15",38485,326,FALSE,7,"Mon"
"7/14/15",35802,327,FALSE,7,"Tues"
"7/15/15",34979,326,FALSE,7,"Wed"
"7/16/15",42356,326,FALSE,7,"Thurs"
"7/17/15",39595,326,FALSE,7,"Fri"
"7/18/15",28870,326,FALSE,7,"Sat"
"7/19/15",28531,324,FALSE,7,"Sun"
"7/20/15",34889,325,FALSE,7,"Mon"
"7/21/15",38499,326,FALSE,7,"Tues"
"7/22/15",42557,325,FALSE,7,"Wed"
"7/23/15",42175,325,FALSE,7,"Thurs"
"7/24/15",40330,325,FALSE,7,"Fri"
"7/25/15",31639,324,FALSE,7,"Sat"
"7/26/15",30543,323,FALSE,7,"Sun"
"7/27/15",38747,324,FALSE,7,"Mon"
"7/28/15",40434,323,FALSE,7,"Tues"
"7/29/15",39428,325,FALSE,7,"Wed"
"7/30/15",31166,325,FALSE,7,"Thurs"
"7/31/15",38571,325,FALSE,7,"Fri"
"8/1/15",35179,326,FALSE,8,"Sat"
"8/2/15",31622,324,FALSE,8,"Sun"
"8/3/15",38888,326,FALSE,8,"Mon"
"8/4/15",40783,327,FALSE,8,"Tues"
"8/5/15",41075,328,FALSE,8,"Wed"
"8/6/15",42283,328,FALSE,8,"Thurs"
"8/7/15",40999,330,FALSE,8,"Fri"
"8/8/15",38723,331,FALSE,8,"Sat"
"8/9/15",32716,330,FALSE,8,"Sun"
"8/10/15",39870,330,FALSE,8,"Mon"
"8/11/15",25066,331,FALSE,8,"Tues"
"8/12/15",42994,336,FALSE,8,"Wed"
"8/13/15",42170,342,FALSE,8,"Thurs"
"8/14/15",39983,347,FALSE,8,"Fri"
"8/15/15",37821,348,FALSE,8,"Sat"
"8/16/15",30344,347,FALSE,8,"Sun"
"8/17/15",37449,354,FALSE,8,"Mon"
"8/18/15",39916,361,FALSE,8,"Tues"
"8/19/15",40726,369,FALSE,8,"Wed"
"8/20/15",39280,378,FALSE,8,"Thurs"
"8/21/15",38038,385,FALSE,8,"Fri"
"8/22/15",34277,386,FALSE,8,"Sat"
"8/23/15",33071,386,FALSE,8,"Sun"
"8/24/15",38943,390,FALSE,8,"Mon"
"8/25/15",41655,395,FALSE,8,"Tues"
"8/26/15",42832,404,FALSE,8,"Wed"
"8/27/15",43173,409,FALSE,8,"Thurs"
"8/28/15",41755,411,FALSE,8,"Fri"
"8/29/15",34381,409,FALSE,8,"Sat"
"8/30/15",32913,409,FALSE,8,"Sun"
"8/31/15",40119,413,FALSE,8,"Mon"
"9/1/15",43291,413,FALSE,9,"Tues"
"9/2/15",43225,415,FALSE,9,"Wed"
"9/3/15",42879,417,FALSE,9,"Thurs"
"9/4/15",39956,420,FALSE,9,"Fri"
"9/5/15",34005,420,FALSE,9,"Sat"
"9/6/15",33199,417,FALSE,9,"Sun"
"9/7/15",33682,418,TRUE,9,"Mon"
"9/8/15",42766,421,FALSE,9,"Tues"
"9/9/15",44005,424,FALSE,9,"Wed"
"9/10/15",22253,425,FALSE,9,"Thurs"
"9/11/15",47613,430,FALSE,9,"Fri"
"9/12/15",33661,430,FALSE,9,"Sat"
"9/13/15",34794,429,FALSE,9,"Sun"
"9/14/15",44668,434,FALSE,9,"Mon"
"9/15/15",48729,438,FALSE,9,"Tues"
"9/16/15",51179,440,FALSE,9,"Wed"
"9/17/15",50705,440,FALSE,9,"Thurs"
"9/18/15",50285,440,FALSE,9,"Fri"
"9/19/15",43011,438,FALSE,9,"Sat"
"9/20/15",40462,437,FALSE,9,"Sun"
"9/21/15",47180,436,FALSE,9,"Mon"
"9/22/15",48685,436,FALSE,9,"Tues"
"9/23/15",48366,435,FALSE,9,"Wed"
"9/24/15",52706,437,FALSE,9,"Thurs"
"9/25/15",51368,435,FALSE,9,"Fri"
"9/26/15",42560,435,FALSE,9,"Sat"
"9/27/15",38285,437,FALSE,9,"Sun"
"9/28/15",48011,437,FALSE,9,"Mon"
"9/29/15",48725,442,FALSE,9,"Tues"
"9/30/15",39445,441,FALSE,9,"Wed"
"10/1/15",34719,444,FALSE,10,"Thurs"
"10/2/15",9444,430,FALSE,10,"Fri"
"10/3/15",16564,430,FALSE,10,"Sat"
"10/4/15",30214,441,FALSE,10,"Sun"
"10/5/15",44581,446,FALSE,10,"Mon"
"10/6/15",49719,445,FALSE,10,"Tues"
"10/7/15",50141,447,FALSE,10,"Wed"
"10/8/15",50179,449,FALSE,10,"Thurs"
"10/9/15",37283,453,FALSE,10,"Fri"
"10/10/15",39345,448,FALSE,10,"Sat"
"10/11/15",38967,448,FALSE,10,"Sun"
"10/12/15",45584,451,FALSE,10,"Mon"
"10/13/15",49047,454,FALSE,10,"Tues"
"10/14/15",49998,456,FALSE,10,"Wed"
"10/15/15",48783,457,FALSE,10,"Thurs"
"10/16/15",46484,458,FALSE,10,"Fri"
"10/17/15",31809,455,FALSE,10,"Sat"
"10/18/15",23978,455,FALSE,10,"Sun"
"10/19/15",36570,455,FALSE,10,"Mon"
"10/20/15",45376,456,FALSE,10,"Tues"
"10/21/15",49121,456,FALSE,10,"Wed"
"10/22/15",49604,457,FALSE,10,"Thurs"
"10/23/15",44679,459,FALSE,10,"Fri"
"10/24/15",31713,456,FALSE,10,"Sat"
"10/25/15",29289,455,FALSE,10,"Sun"
"10/26/15",42165,458,FALSE,10,"Mon"
"10/27/15",44553,459,FALSE,10,"Tues"
"10/28/15",20736,457,FALSE,10,"Wed"
"10/29/15",45358,460,FALSE,10,"Thurs"
"10/30/15",44518,459,FALSE,10,"Fri"
"10/31/15",31756,453,FALSE,10,"Sat"
"11/1/15",30622,454,FALSE,11,"Sun"
"11/2/15",44534,462,FALSE,11,"Mon"
"11/3/15",49326,465,FALSE,11,"Tues"
"11/4/15",49487,466,FALSE,11,"Wed"
"11/5/15",43006,467,FALSE,11,"Thurs"
"11/6/15",47162,469,FALSE,11,"Fri"
"11/7/15",35586,466,FALSE,11,"Sat"
"11/8/15",32317,464,FALSE,11,"Sun"
"11/9/15",42262,468,FALSE,11,"Mon"
"11/10/15",21585,465,FALSE,11,"Tues"
"11/11/15",37705,466,FALSE,11,"Wed"
"11/12/15",37319,467,FALSE,11,"Thurs"
"11/13/15",38970,465,FALSE,11,"Fri"
"11/14/15",25299,460,FALSE,11,"Sat"
"11/15/15",25990,461,FALSE,11,"Sun"
"11/16/15",40916,467,FALSE,11,"Mon"
"11/17/15",38939,465,FALSE,11,"Tues"
"11/18/15",41485,464,FALSE,11,"Wed"
"11/19/15",21890,464,FALSE,11,"Thurs"
"11/20/15",38205,465,FALSE,11,"Fri"
"11/21/15",28038,460,FALSE,11,"Sat"
"11/22/15",23343,461,FALSE,11,"Sun"
"11/23/15",30136,463,FALSE,11,"Mon"
"11/24/15",32218,463,FALSE,11,"Tues"
"11/25/15",30295,463,FALSE,11,"Wed"
"11/26/15",13291,450,TRUE,11,"Thurs"
"11/27/15",22824,461,TRUE,11,"Fri"
"11/28/15",15830,457,FALSE,11,"Sat"
"11/29/15",18452,456,FALSE,11,"Sun"
"11/30/15",30213,464,FALSE,11,"Mon"
"12/1/15",18399,462,FALSE,12,"Tues"
"12/2/15",23782,463,FALSE,12,"Wed"
"12/3/15",33917,467,FALSE,12,"Thurs"
"12/4/15",34737,466,FALSE,12,"Fri"
"12/5/15",26358,465,FALSE,12,"Sat"
"12/6/15",24943,465,FALSE,12,"Sun"
"12/7/15",34139,470,FALSE,12,"Mon"
"12/8/15",35614,468,FALSE,12,"Tues"
"12/9/15",35306,469,FALSE,12,"Wed"
"12/10/15",39099,468,FALSE,12,"Thurs"
"12/11/15",39060,470,FALSE,12,"Fri"
"12/12/15",31957,466,FALSE,12,"Sat"
"12/13/15",32001,466,FALSE,12,"Sun"
"12/14/15",32518,470,FALSE,12,"Mon"
"12/15/15",38661,469,FALSE,12,"Tues"
"12/16/15",35643,468,FALSE,12,"Wed"
"12/17/15",21961,468,FALSE,12,"Thurs"
"12/18/15",30704,468,FALSE,12,"Fri"
"12/19/15",17778,464,FALSE,12,"Sat"
"12/20/15",17030,462,FALSE,12,"Sun"
"12/21/15",29800,468,FALSE,12,"Mon"
"12/22/15",22941,470,FALSE,12,"Tues"
"12/23/15",14817,467,FALSE,12,"Wed"
"12/24/15",18447,467,TRUE,12,"Thurs"
"12/25/15",12333,459,TRUE,12,"Fri"
"12/26/15",13914,463,FALSE,12,"Sat"
"12/27/15",13177,464,FALSE,12,"Sun"
"12/28/15",18889,469,FALSE,12,"Mon"
"12/29/15",13347,465,FALSE,12,"Tues"
"12/30/15",22477,469,FALSE,12,"Wed"
"12/31/15",20376,461,FALSE,12,"Thurs"
"1/1/16",11009,460,TRUE,1,"Fri"
"1/2/16",14587,466,FALSE,1,"Sat"
"1/3/16",15499,463,FALSE,1,"Sun"
"1/4/16",19593,470,FALSE,1,"Mon"
"1/5/16",18053,473,FALSE,1,"Tues"
"1/6/16",24569,471,FALSE,1,"Wed"
"1/7/16",27773,471,FALSE,1,"Thurs"
"1/8/16",28709,469,FALSE,1,"Fri"
"1/9/16",20846,464,FALSE,1,"Sat"
"1/10/16",14275,466,FALSE,1,"Sun"
"1/11/16",22937,471,FALSE,1,"Mon"
"1/12/16",25211,470,FALSE,1,"Tues"
"1/13/16",21133,469,FALSE,1,"Wed"
"1/14/16",23780,471,FALSE,1,"Thurs"
"1/15/16",28435,471,FALSE,1,"Fri"
"1/16/16",19178,466,FALSE,1,"Sat"
"1/17/16",12024,463,FALSE,1,"Sun"
"1/18/16",12718,465,TRUE,1,"Mon"
"1/19/16",17281,469,FALSE,1,"Tues"
"1/20/16",23420,470,FALSE,1,"Wed"
"1/21/16",23672,474,FALSE,1,"Thurs"
"1/22/16",20950,470,FALSE,1,"Fri"
"1/27/16",6761,443,FALSE,1,"Wed"
"1/28/16",11946,447,FALSE,1,"Thurs"
"1/29/16",16028,462,FALSE,1,"Fri"
"1/30/16",12973,467,FALSE,1,"Sat"
"1/31/16",16118,467,FALSE,1,"Sun"
"2/1/16",24334,472,FALSE,2,"Mon"
"2/2/16",28528,470,FALSE,2,"Tues"
"2/3/16",16203,470,FALSE,2,"Wed"
"2/4/16",27766,473,FALSE,2,"Thurs"
"2/5/16",13670,468,FALSE,2,"Fri"
"2/6/16",16933,470,FALSE,2,"Sat"
"2/7/16",17605,467,FALSE,2,"Sun"
"2/8/16",19026,472,FALSE,2,"Mon"
"2/9/16",22741,470,FALSE,2,"Tues"
"2/10/16",22420,472,FALSE,2,"Wed"
"2/11/16",18748,471,FALSE,2,"Thurs"
"2/12/16",16449,472,FALSE,2,"Fri"
"2/13/16",6625,461,FALSE,2,"Sat"
"2/14/16",4653,455,FALSE,2,"Sun"
"2/15/16",5884,463,TRUE,2,"Mon"
"2/16/16",14542,470,FALSE,2,"Tues"
"2/17/16",23572,475,FALSE,2,"Wed"
"2/18/16",22261,474,FALSE,2,"Thurs"
"2/19/16",21959,472,FALSE,2,"Fri"
"2/20/16",24484,469,FALSE,2,"Sat"
"2/21/16",20052,467,FALSE,2,"Sun"
"2/22/16",28233,473,FALSE,2,"Mon"
"2/23/16",16133,473,FALSE,2,"Tues"
"2/24/16",9761,467,FALSE,2,"Wed"
"2/25/16",25102,472,FALSE,2,"Thurs"
"2/26/16",22573,470,FALSE,2,"Fri"
"2/27/16",17226,465,FALSE,2,"Sat"
"2/28/16",25437,467,FALSE,2,"Sun"
"2/29/16",27954,473,FALSE,2,"Mon"
"3/1/16",30509,474,FALSE,3,"Tues"
"3/2/16",26195,471,FALSE,3,"Wed"
"3/3/16",24061,468,FALSE,3,"Thurs"
"3/4/16",17369,466,FALSE,3,"Fri"
"3/5/16",18023,465,FALSE,3,"Sat"
"3/6/16",18832,463,FALSE,3,"Sun"
"3/7/16",31492,471,FALSE,3,"Mon"
"3/8/16",36521,472,FALSE,3,"Tues"
"3/9/16",41490,471,FALSE,3,"Wed"
"3/10/16",42252,471,FALSE,3,"Thurs"
"3/11/16",38195,472,FALSE,3,"Fri"
"3/12/16",32771,470,FALSE,3,"Sat"
"3/13/16",27550,466,FALSE,3,"Sun"
"3/14/16",10930,468,FALSE,3,"Mon"
"3/15/16",31596,471,FALSE,3,"Tues"
"3/16/16",36067,469,FALSE,3,"Wed"
"3/17/16",35390,470,FALSE,3,"Thurs"
"3/18/16",34647,470,FALSE,3,"Fri"
"3/19/16",24048,466,FALSE,3,"Sat"
"3/20/16",16678,463,FALSE,3,"Sun"
"3/21/16",26414,473,FALSE,3,"Mon"
"3/22/16",33497,472,FALSE,3,"Tues"
"3/23/16",40983,473,FALSE,3,"Wed"
"3/24/16",36495,470,FALSE,3,"Thurs"
"3/25/16",34097,471,FALSE,3,"Fri"
"3/26/16",27478,464,FALSE,3,"Sat"
"3/27/16",22483,465,FALSE,3,"Sun"
"3/28/16",20345,470,FALSE,3,"Mon"
"3/29/16",31481,470,FALSE,3,"Tues"
"3/30/16",33684,472,FALSE,3,"Wed"
"3/31/16",38348,474,FALSE,3,"Thurs"
